search_link,user_name,user_handle,tweet_date,timestamp,tweet_content,replies,retweets,likes,app
https://twitter.com/search?q=%23netbanking%20%23internetbanking&src=typed_query&f=top,The Pipl,/thepipl,Aug 29,2023-08-29T03:58:03.000Z,"HDFC Mobile Banking Application Error Solution.
Also You Can Try This Solution
 
 #hdfc   #hdfcnetbanking   #hdfcmobilebanking   #error   #hdfcbank   #mobilebanking    #netbanking     #internetbanking    #online   #solution  
,banking applications,banking applications not open",,,,Net Banking
https://twitter.com/search?q=%23netbanking%20%23internetbanking&src=typed_query&f=top,KAHAANI - Startup Stories and Business News,/KahaaniThe,"Apr 2, 2021",2021-04-02T07:02:40.000Z,"
READ RIGHT NOW 
 #sbi   #mobilebanking    #internetbanking    #ecommerce    #netbanking    #bbanking   #indianbanks   #statebankofindia   #atm",,,,Net Banking
https://twitter.com/search?q=%23netbanking%20%23internetbanking&src=typed_query&f=top,NKGSB Bank Official,/NkgsbBank,Jul 27,2023-07-27T05:46:58.000Z,"Here is a tutorial by NKGSB Co-op Bank on how to update pin via QuickMobil App.

 #NKGSB   #MobileBanking   #QuickMobilApp   #CyberSecurity   #BankingTerms   #Banking   #Finance   #EasyLoans   #HomeLoans   #EducationLoans    #NetBanking    #DigitalBanking    #InternetBanking",3,1,10,Net Banking
https://twitter.com/search?q=%23netbanking%20%23internetbanking&src=typed_query&f=top,Moneypitara,/mymoneypitara,"Jan 29, 2020",2020-01-29T01:00:29.000Z,#Moneypitara : How to Add Mutual Fund as a Biller for SIP through Internet Banking?:  #mutualfunds   #mutualfund   #money   #moneymatters   #SIP   #investment   #investments   #savings   #blog   #blogspot   #blogger   #bloggers   #digital    #netbanking     #internetbanking    #banking  ,,1,2,Net Banking
https://twitter.com/search?q=%23netbanking%20%23internetbanking&src=typed_query&f=top,Moneypitara,/mymoneypitara,"Nov 28, 2019",2019-11-28T00:54:37.000Z,#Moneypitara : How to Add Mutual Fund as a Biller for SIP through Internet Banking?:  #SIP   #mutualfund   #mutualfunds   #investment   #investments   #savings   #money   #moneymatters   #blog   #blogger   #banking    #netbanking     #internetbanking   ,,3,4,Net Banking
https://twitter.com/search?q=%23netbanking%20%23internetbanking&src=typed_query&f=top,Moneypitara,/mymoneypitara,"Jun 23, 2017",2017-06-23T02:19:30.000Z,#Moneypitara  How to activate online SBI internet banking  #onlineSBI   #SBI    #internetbanking     #netbanking    #onlinebanking  ,,1,,Net Banking
https://twitter.com/search?q=%23netbanking%20%23internetbanking&src=typed_query&f=top,Moneypitara,/mymoneypitara,"Jun 27, 2017",2017-06-27T01:43:21.000Z,#Moneypitara  How to activate online  #SBI  internet  #banking ?  #onlinebanking    #netbanking     #internetbanking    #onlineSBI  ,,1,1,Net Banking
https://twitter.com/search?q=%23netbanking%20%23internetbanking&src=typed_query&f=top,NKGSB Bank Official,/NkgsbBank,"Dec 13, 2022",2022-12-13T06:40:06.000Z,"Get major discounts on PharmEasy with your Rupay Cards.

 #NKGSB   #NKGSBBank   #Banking   #Finance   #EasyLoans   #HomeLoans   #EducationLoans    #NetBanking    #DigitalBanking    #InternetBanking",,1,1,Net Banking
https://twitter.com/search?q=%23netbanking%20%23internetbanking&src=typed_query&f=top,NKGSB Bank Official,/NkgsbBank,Jul 31,2023-07-31T06:35:59.000Z,"Here is a tutorial by NKGSB Co-op bank on how to Update ReKYC through Internet Banking.

 #NKGSB   #MobileBanking   #QuickMobilApp   #CyberSecurity   #BankingTerms   #Banking   #Finance   #EasyLoans   #HomeLoans   #EducationLoans    #NetBanking    #DigitalBanking    #InternetBanking",,1,8,Net Banking
https://twitter.com/search?q=%23netbanking%20%23internetbanking&src=typed_query&f=top,NKGSB Bank Official,/NkgsbBank,Jul 22,2023-07-22T07:48:07.000Z,"Here is a tutorial by NKGSB Co-op Bank on how to Update ReKYC through Mobile Banking

 #NKGSB   #MobileBanking   #QuickMobilApp   #CyberSecurity   #BankingTerms   #Banking   #Finance   #EasyLoans   #HomeLoans   #EducationLoans    #NetBanking    #DigitalBanking    #InternetBanking",,,4,Net Banking
https://twitter.com/search?q=%23netbanking%20%23internetbanking&src=typed_query&f=top,NKGSB Bank Official,/NkgsbBank,"Dec 23, 2022",2022-12-23T11:11:25.000Z,"Identity The Fraudsters With These Cyber Security Tips.

 #NKGSB   #NKGSBBank   #Banking   #Finance   #EasyLoans   #HomeLoans   #EducationLoans    #NetBanking    #DigitalBanking    #InternetBanking",2,,,Net Banking
https://twitter.com/search?q=%23netbanking%20%23internetbanking&src=typed_query&f=top,Finance Guru Speaks - www.financeguruspeaks.com,/FinGuruSpeaks,"Apr 1, 2020",2020-04-01T06:31:54.000Z,#AxisBank   #Axis   #ForgotPassword    #InternetBanking    #OnlineBanking    #NetBanking    #financeguruspeaks,,,,Net Banking
https://twitter.com/search?q=%23netbanking%20%23internetbanking&src=typed_query&f=top,branchX,/branchXbank,"Jan 19, 2021",2021-01-19T07:26:44.000Z,"Banking is necessary - banks are not. 

 #banking   #investmentbanking   #onlinebanking   #mobilebanking   #digitalbanking   #bankinglife   #privatebanking   #betterbanking   #landbanking   #communitybanking   #openbanking    #internetbanking    #bankingandfinance    #netbanking    #businessbanking",,,,Net Banking
https://twitter.com/search?q=%23netbanking%20%23internetbanking&src=typed_query&f=top,Hari,/_HariTweets,"Dec 9, 2022",2022-12-09T06:01:35.000Z,"May I know why Axis Internet Banking is down,    ?

  #AxisNetBankingDown   #AxisBank    #NetBanking    #Axis    #InternetBanking",1,1,,Net Banking
https://twitter.com/search?q=%23netbanking%20%23internetbanking&src=typed_query&f=top,Raj K. Singh,/rajsingh1185,"Nov 21, 2016",2016-11-21T09:41:33.000Z, Any problem with   #netbanking   website? A/C balance shows different amounts while navigating. weird!!  #cashless    #internetbanking,1,,,Net Banking
https://twitter.com/search?q=%23netbanking%20%23internetbanking&src=typed_query&f=top,Yogi,/yogiraj2k,"Sep 21, 2021",2021-09-21T03:43:39.000Z,"   #netbanking     #internetbanking    #banking  
IDBI Bank netbanking, Entire site is completely broken. its scary, ridiculous and dangerous to keep any fund with the bank.. Unsafe to perform any transactions.",1,,,Net Banking
https://twitter.com/search?q=%23netbanking%20%23internetbanking&src=typed_query&f=top,Learn Ethical Hack,/doethicalhack,"Nov 1, 2016",2016-11-01T16:08:40.000Z,8 Tips for secure your net banking!   #Internet   #Security    #netbanking     #internetbanking   ,,,,Net Banking
https://twitter.com/search?q=%23netbanking%20%23internetbanking&src=typed_query&f=top,Pallavi Sumeet,/sumeet_engg4u,"May 11, 2020",2020-05-11T10:04:32.000Z,#idbibank   #banking   #idbi    #internetbanking     #netbanking   IDBI pls do something about your website and internet banking...its pathetic...trying transactions for past 4 hours and no results..and ofcourse this is not the first time.,,,,Net Banking
https://twitter.com/search?q=%23netbanking%20%23internetbanking&src=typed_query&f=top,@PriteshInvestor,/pritsinvestor,Mar 7,2023-03-07T04:20:18.000Z,Any issues with your   #netbanking     #internetbanking     ? Unable to do fund transfers as it keeps buffering & shows failed. Also not getting OTPs via SMS or call many times. Please look into it    #ICICIBank,3,,,Net Banking
https://twitter.com/search?q=%23netbanking%20%23internetbanking&src=typed_query&f=top,NKGSB Bank Official,/NkgsbBank,"Dec 19, 2022",2022-12-19T07:07:59.000Z,"Get all your holiday needs under one roof at Smart Bazaar, Smart Superstore, Smart Point and get great discounts using your Rupay cards.

 #NKGSB   #NKGSBBank   #Banking   #Finance   #EasyLoans   #HomeLoans   #EducationLoans    #NetBanking    #DigitalBanking    #InternetBanking",,1,1,Net Banking
https://twitter.com/search?q=%23netbanking%20%23internetbanking&src=typed_query&f=top,Data Sorter,/SorterData,"Feb 5, 2022",2022-02-05T11:58:56.000Z,"Best mobile banking apps 2022 | Best online banks of Pakistan | E-bankin...   via     #internetBanking    #mobileBanking   #Ebanking 
  #internetbanking    #whatisinternetbanking    #netbanking    #banking   #ebanking   #onlinebanking   #banking   #ebanking   #electronicbanking",,,1,Net Banking
https://twitter.com/search?q=%23netbanking%20%23internetbanking&src=typed_query&f=top,Cyber Crime Wing - Tamil Nadu,/tncybercrimeoff,Jan 8,2023-01-08T05:00:31.000Z,"Tips for Safe Internet Banking

To Report Financial Crimes - Call 1930 (24x7)

To Report Non-Financial Crimes -  
 #CyberCrimeAwareness   #CyberKural   #TNCyberCrime   #CyberCrimeHelpline    #InternetBanking     #NetBanking    #InternetBankingScam   #OnlineBanking",,2,6,Net Banking
https://twitter.com/search?q=%23netbanking%20%23internetbanking&src=typed_query&f=top,MoneyManch,/Moneymanch,"Sep 9, 2019",2019-09-09T02:00:14.000Z,Lock SBI Net Banking: How to lock SBI Net banking access?  #MoneyManch   #banking    #Netbanking     #Internetbanking    #money   #moneymatters  ,,1,5,Net Banking
https://twitter.com/search?q=%23netbanking%20%23internetbanking&src=typed_query&f=top,MoneyManch,/Moneymanch,"Oct 17, 2019",2019-10-17T01:28:59.000Z,Lock SBI Net Banking: How to lock SBI Net banking access?  #MoneyManch   #banking   #bank    #netbanking     #internetbanking   ,,1,3,Net Banking
https://twitter.com/search?q=%23netbanking%20%23internetbanking&src=typed_query&f=top,EzeeBank,/EzeeBank,"Jun 14, 2021",2021-06-14T13:31:33.000Z,"Net Banking registration process for 20+ leading banks of India.
 
  #netbanking    #DigitalIndia 
  #internetbanking",,,1,Net Banking
https://twitter.com/search?q=%23netbanking%20%23internetbanking&src=typed_query&f=top,TechDisk,/techdiskofficia,"Jun 10, 2021",2021-06-10T07:28:07.000Z,#TechDisk   #upi   #upimarket   #phonepe   #googlepe   #paytm   #amazonpay   #upimarketshare   #onlinemoneytransfer    #netbanking     #internetbanking    #mobilemoney,,,,Net Banking
https://twitter.com/search?q=%23netbanking%20%23internetbanking&src=typed_query&f=top,yihui,/yihui315,"Jul 16, 2022",2022-07-16T16:45:05.000Z,"Photo By Roma Shilin | Unsplash - via  
 #betterbanking   #ebankingtechcombank    #netbanking    #bankingandfinance    #internetbanking",,,,Net Banking
https://twitter.com/search?q=%23netbanking%20%23internetbanking&src=typed_query&f=top,yihui,/yihui315,"Jul 13, 2022",2022-07-13T16:45:10.000Z,"Photo By Dyana Wing So | Unsplash - via  
 #betterbanking   #ebankingtechcombank    #netbanking    #bankingandfinance    #internetbanking",,,,Net Banking
https://twitter.com/search?q=%23netbanking%20%23internetbanking&src=typed_query&f=top,AnkushG,/KhushiG72493064,"Apr 21, 2022",2022-04-21T11:43:39.000Z,I tried to recover lost ID/Pwd for   #internetbanking   my A/c. It was a good 1 hr task jsut to get this done. Email IDs that we filled up in forms for   #netbanking   have been incorrectly recorded by ur ppl. Ur internal records for email IDs lack proper validation.,1,,,Net Banking
https://twitter.com/search?q=%23netbanking%20%23internetbanking&src=typed_query&f=top,Moneypitara,/mymoneypitara,"Nov 13, 2019",2019-11-13T01:06:08.000Z,#Moneypitara : Pay your Bills using SBI e-PAY service / Internet Banking:  #banking    #netbanking     #internetbanking    #moneymatters   #money   #blogger   #bloggerswanted   #blog   #outreach   #sponsored   #Marketing   #MarketingDigital   #DigitalMarketing   #blogspot  ,,1,1,Net Banking
https://twitter.com/search?q=%23netbanking%20%23internetbanking&src=typed_query&f=top,TRINKET,/TrinketOrgIn,"Jun 28, 2018",2018-06-28T09:21:04.000Z,"So Shop with Trinket via   #internetbanking  .
Now select products you like from Trinket and pay us via   #netbanking  .

 #Trinket   #BeBeautiful   #Onlinestore   #onlineshopping   #shoponline    #internetbanking     #netbanking    #mobilebanking   #shop   #shopping",,,1,Net Banking
https://twitter.com/search?q=%23netbanking%20%23internetbanking&src=typed_query&f=top,MaD Console,/MaD_Console,"Jun 14, 2022",2022-06-14T10:09:52.000Z,"Our trust in technology is so strong that we even count and confirm money withdrawn from ATMs.

 #technology   #UPI    #internetbanking     #netbanking    #fintech   #upipayments    #internetbanking    #onlinebanking",,,,Net Banking
https://twitter.com/search?q=%23netbanking%20%23internetbanking&src=typed_query&f=top,codeforbanks.com,/CodeForBanks,"Nov 28, 2019",2019-11-28T06:43:54.000Z,"4 Tips for Safe Internet Banking

 
 #banking   #banks   #interestrate   #codeforbanks   #finance   #investment   #loan   #credit   #facebookfanpage   #fanpages   #linkinbio   #cptwitter   #personalloan   #loans   #ifsccode   #bankifsccode    #netbanking     #internetbanking    #onlinebanking",,,,Net Banking
https://twitter.com/search?q=%23netbanking%20%23internetbanking&src=typed_query&f=top,MoneyMinute,/MoneyMinuteIN,"Oct 26, 2020",2020-10-26T08:07:26.000Z,"आप में से कई महामारी के बीच डिजिटल हो गए हैं। यहां बैंकिंग के साथ गलतियों से बचने के तरीके बताए गए हैं।

 
 #personalfinance   #MoneyMinuteIn   #MistakesToAvoid   #banking    #Netbanking     #internetbanking",,,,Net Banking
https://twitter.com/search?q=%23netbanking%20%23internetbanking&src=typed_query&f=top,MoneyMinute,/MoneyMinuteIN,"Apr 25, 2020",2020-04-25T03:38:56.000Z,"कोरोनावायरस के दौरान नेट बैंकिंग उपभोक्ता साइबर फ्रॉड का शिकार हो रहे हैं, ऐसे बच सकते हैं आप.

 
 #personalfinance   #MoneyMinuteIn   #Banking    #internetbanking     #netbanking    #Phishing   #cybercrimes   #scammers   #coronavirusinindia   #COVID19   #malware",,,,Net Banking
https://twitter.com/search?q=%23netbanking%20%23internetbanking&src=typed_query&f=top,Yogi,/yogiraj2k,"Sep 21, 2021",2021-09-21T03:40:42.000Z,"   #netbanking     #internetbanking    #banking  
Just happened to login to IDBI bank netbanking, Its completely broken.. All pages.. nothing working.. appears to have been developed by freshers in the collages.   
I am scared. and now moving out of bank..",1,,,Net Banking
https://twitter.com/search?q=%23netbanking%20%23internetbanking&src=typed_query&f=top,yihui,/yihui315,"Jul 17, 2022",2022-07-17T08:50:10.000Z,"Photo By Donations_are_appreciated | Pixabay - via  
 #crypt   #church   #banks   #betterbanking   #ebankingtechcombank    #netbanking    #bankingandfinance    #internetbanking",,,,Net Banking
https://twitter.com/search?q=%23netbanking%20%23internetbanking&src=typed_query&f=top,MoneyMinute,/MoneyMinuteIN,"Oct 26, 2020",2020-10-26T12:02:24.000Z,"साथीच्या रोगादरम्यान तुमच्यापैकी अनेक जण डिजिटल झाले आहेत. बँकिंगमधील चुका टाळण्याचे मार्ग येथे दिले आहेत.

 
 #personalfinance   #MoneyMinuteIn   #MistakesToAvoid    #Netbanking     #internetbanking    #Banking",,,,Net Banking
https://twitter.com/search?q=%23netbanking%20%23internetbanking&src=typed_query&f=top,Exametc,/exametc,"Dec 26, 2020",2020-12-26T08:21:22.000Z,"Digital banking system by ICICI?  
 #DigitalBanking   #OnlineBanking    #InternetBanking    #ICICIStack   #OnlineBankingService    #NetBanking",,,,Net Banking
https://twitter.com/search?q=%23netbanking%20%23internetbanking&src=typed_query&f=top,RISHIKA WEALTH MANAGEMENT PRIVATE LIMITED,/RishikaWealth,"Mar 30, 2021",2021-03-30T08:48:26.000Z,"HDFC BANK facing technical glitches in there net banking some customers unable to use there net banking accounts, According bank working on resolution

  #hdfcbank    #netbanking     #internetbanking    #moneycontrol",,1,3,Net Banking
https://twitter.com/search?q=%23netbanking%20%23internetbanking&src=typed_query&f=top,Bharat Bank,/bharat_bank,Jun 28,2023-06-28T13:48:38.000Z,"Bharat Daily Deposit Agents (BDD) meet 2023

 #bharatbank   #banking   #finance   #marketing   #meeting   #businessdevelopment   #businessmeeting   #savingaccount   #currentaccount   #fixeddeposit   #recurringdeposit   #digitalbanking    #internetbanking     #netbanking    #homeloans   #educationloan   #carloan",,,6,Net Banking
https://twitter.com/search?q=%23netbanking%20%23internetbanking&src=typed_query&f=top,Rahul Tripathy,/rahultripathy,"Oct 1, 2019",2019-10-01T15:10:55.000Z,Hey   is there a problem with   #internetBanking     #Netbanking    #MobileBanking . Been trying to login since morning but every time I get an invalid captcha error whereas there is no  #captcha  to be filled in.,,1,1,Net Banking
https://twitter.com/search?q=%23netbanking%20%23internetbanking&src=typed_query&f=top,Rohan Raut,/RohanRa37349007,"Feb 25, 2022",2022-02-25T07:30:36.000Z,"Here is why you should open new account online :
All kinds of transactions with your bank can be carried out very easily and that too without even visiting the bank physically.
Visit :  
  #netbanking     #internetbanking",,,,Net Banking
https://twitter.com/search?q=%23netbanking%20%23internetbanking&src=typed_query&f=top,MoneyManch,/Moneymanch,"Nov 6, 2019",2019-11-06T01:49:00.000Z,How to Activate Axis Bank Internet Banking Online -  #MoneyManch   #banking    #netbanking     #internetbanking    #onlinebanking   #moneymatters   #money  ,,2,3,Net Banking
https://twitter.com/search?q=%23netbanking%20%23internetbanking&src=typed_query&f=top,Daily Research @SurveyCircle,/daily_research,"Jun 15, 2020",2020-06-15T06:22:55.000Z,"Participants needed for online survey!

Topic: ""A survey on people's perception about Internet banking""   via  
  #NetBanking    #perception   #user   #nonuser    #InternetBanking    #banks   #survey   #surveycircle",,,,Net Banking
https://twitter.com/search?q=%23netbanking%20%23internetbanking&src=typed_query&f=top,Stable Investor,/StableInvestor,Feb 28,2023-02-28T08:57:30.000Z,"It seems that HDFC bank net banking is down. Again.  

Kab sudhrega yeh bank??

 #hdfc    #netbanking     #internetbanking",10,2,45,Net Banking
https://twitter.com/search?q=%23netbanking%20%23internetbanking&src=typed_query&f=top,Tamilnad Mercantile Bank Ltd.,/TMBank_Ltd,Jun 12,2023-06-12T05:55:00.000Z,"Banking at your fingertips with the convenience of Net Banking.   

Enjoy the ease of banking anytime, anywhere.  

Learn more at  

 
 #TMB    #NetBanking     #InternetBanking",,,5,Net Banking
https://twitter.com/search?q=%23netbanking%20%23internetbanking&src=typed_query&f=top,Deepak Mathur,/ideepakmathur,"Aug 7, 2015",2015-08-07T06:40:56.000Z,Internet Banking Net Banking  #DigitalJumble      #InternetBanking     #NetBanking,,,,Net Banking
https://twitter.com/search?q=%23netbanking%20%23internetbanking&src=typed_query&f=top,Lokshahi Marathi,/LokshahiMarathi,"Mar 5, 2022",2022-03-05T05:17:49.000Z,"टेकभेट :Safe Net Banking Tips नेट बँकिंगचा वापर करताना काय काळजी घ्यावी?

 
  #internetbanking    #banking   #safeinternetbanking   #onlinebankingsafety   #securebanking    #netbanking",,2,2,Net Banking
https://twitter.com/search?q=%23netbanking%20%23internetbanking&src=typed_query&f=top,Bharat Bank,/bharat_bank,Jul 5,2023-07-05T08:55:53.000Z,"Dadar Branch celebrated its 21st Anniversary by organising a free health checkup camp.

 #bharatbank   #healthcheckup   #healthcare   #banking   #finance   #savingaccount   #currentaccount   #fixeddeposit   #recurringdeposit   #digitalbanking    #internetbanking     #netbanking    #homeloans   #educationloan",,,3,Net Banking
https://twitter.com/search?q=%23netbanking%20%23internetbanking&src=typed_query&f=top,teluguIN,/teluguinnews,"May 4, 2019",2019-05-04T06:47:58.000Z,"ఓటీపీతో చిక్కారో కొంప కొల్లేరే!

 
 #Banking    #NetBanking     #InternetBanking    #Frauds   #OnlineBanking   #OTPFraud",,,,Net Banking
https://twitter.com/search?q=%23netbanking%20%23internetbanking&src=typed_query&f=top,news continuous,/NewsContinuous,"Sep 29, 2022",2022-09-29T09:29:05.000Z," મહત્વના સમાચાર, ઓક્ટોબર મહિનામાં   બેંકો આટલા દિવસો બંધ રહેશે. બેંકના કામકાજ આ મહિનામાં જ પૂરા કરી લેજો.. 
 
 #listofholidays   #bankclosed   #dussehradiwali   #festivals   #bankholidays   #rbi    #internetbanking     #netbanking    #newscontinuous",,,,Net Banking
https://twitter.com/search?q=%23netbanking%20%23internetbanking&src=typed_query&f=top,Goodreturns Telugu,/GoodreturnsTe,"Oct 7, 2016",2016-10-07T10:22:30.000Z,ఎస్‌బీఐ ఇంట‌ర్నెట్ బ్యాంకింగ్ పాస్‌వ‌ర్డ్ మ‌రిచిపోయారా?     #internetbanking    #onlinebanking   #నెట్బ్యాంకింగ్‌   #netbanking,,,,Net Banking
https://twitter.com/search?q=%23netbanking%20%23internetbanking&src=typed_query&f=top,Xngelo,/xngelo,"Jun 6, 2019",2019-06-06T07:17:45.000Z,"#RBI  removes  #NEFT ,  #RTGS   #payments  charges to push  #digital   #banking   #transactions .  #DigitalTransformation   #digitalindia 
 #cashless   #DigitalEconomy    #netbanking     #internetbanking  
",,1,1,Net Banking
https://twitter.com/search?q=%23netbanking%20%23internetbanking&src=typed_query&f=top,Home Credit India,/HomeCredit_In,Apr 11,2023-04-11T14:30:00.000Z,"Aaj ki date mein internet banking ne bank se related ke saare kaam aasaan kardiye hain.
Iss blog par jaayein aur jaaniye ki kaise 2 bilkul alag logon ne internet banking se banayi hai apni  #ZindagiHit :  
 #HomeCredit    #InternetBanking    #UPI   #Loan    #NetBanking",1,,1,Net Banking
https://twitter.com/search?q=%23netbanking%20%23internetbanking&src=typed_query&f=top,GLIBS NEWS,/Glibs_Media,"Nov 2, 2019",2019-11-02T09:37:27.000Z,"सोच समझकर क्लिक करें आयकर रिफंड के लिंक में, हो सकती है धोखाधड़ी :  
 #Bank   #SBI   #StateBankOfIndia   #Banking    #InternetBanking     #NetBanking    #OnlineFraud   #BankFraud   #bankingonvalues 
",,,,Net Banking
https://twitter.com/search?q=%23netbanking%20%23internetbanking&src=typed_query&f=top,Canara Bank,/canarabank,"Jul 19, 2017",2017-07-19T06:52:48.000Z,"#CanaraBank   #TogetherWeCan    #NetBanking     #InternetBanking    #GoOnline 
For more info,visit our website: 
 ",6,10,29,Net Banking
https://twitter.com/search?q=%23netbanking%20%23internetbanking&src=typed_query&f=top,Bharat Bank,/bharat_bank,Jun 26,2023-06-26T14:37:47.000Z,"Bharat Bank participation in 40th Annual Pratishta Divas held by Shree Bhuvaneshwari Seva Samiti.

 #bharatbank   #banking   #finance   #savingaccount   #currentaccount   #fixeddeposit   #recurringdeposit   #digitalbanking    #internetbanking     #netbanking    #homeloans   #educationloan   #carloan",,1,9,Net Banking
https://twitter.com/search?q=%23netbanking%20%23internetbanking&src=typed_query&f=top,Reken.io,/reken_io,Feb 2,2023-02-02T09:01:02.000Z,"What are the benefits, drawbacks, features, and more of net banking?

Read more:  
  #netbanking    #netbenkingbenefits    #internetbanking    #digitalbanking   #reken",,,,Net Banking
https://twitter.com/search?q=%23netbanking%20%23internetbanking&src=typed_query&f=top,Business Today,/business_today,"Jun 19, 2021",2021-06-19T06:31:04.000Z,"SBI Customers Alert! Internet banking services will be affected today; check out timings, other details   #internetbanking    #SBI    #NetBanking    #UPI    via ",,2,11,Net Banking
https://twitter.com/search?q=%23netbanking%20%23internetbanking&src=typed_query&f=top,Lallu Ram,/lalluram_news,"Dec 22, 2020",2020-12-22T10:34:36.000Z,"डिजिटल लेनदेन में यूपी रहा देशभर में अव्वल, दूसरे राज्यों के लिए बना मॉडल  #BhimUPI   #Viralnews   #News   #India   #UP   #UttarPradesh   #DigitalBanking    #NetBanking     #InternetBanking    #onlinepayment   #Payments   #SocialMedia  ",,,1,Net Banking
https://twitter.com/search?q=%23netbanking%20%23internetbanking&src=typed_query&f=top,JioNews,/JioNews,"Oct 8, 2021",2021-10-08T08:58:21.000Z,"#RBI  ने नियमों में किया बदलाव: अब आप एक दिन में 5 लाख तक इंटरनेट बैंकिंग के जरिए कर सकते हैं ट्रांजेक्शन

 

by-  
  #NetBanking     #InternetBanking",,1,2,Net Banking
https://twitter.com/search?q=%23netbanking%20%23internetbanking&src=typed_query&f=top,@Antarrs01,/Antarrs01,"Dec 27, 2021",2021-12-27T12:02:52.000Z,"Difference between UPI and Internet Banking 

 
 #UPI 
  #Internetbanking  
  #netbanking  
 #onlinepayment 
 #RBLbank",,,,Net Banking
https://twitter.com/search?q=%23netbanking%20%23internetbanking&src=typed_query&f=top,Zee Kannada News,/ZeeKannadaNews,Jan 7,2023-01-07T10:00:57.000Z,"ನೆಟ್ ಬ್ಯಾಂಕಿಂಗ್ ಬಳಕೆದಾರರೆ ಎಚ್ಚರ! ನೆನಪಿರಲಿ ಈ ಸುರಕ್ಷಿತಾ ಕ್ರಮಗಳು!

 #banking    #Netbanking    #onlinebanking    #InternetBanking  
",,,,Net Banking
https://twitter.com/search?q=%23netbanking%20%23internetbanking&src=typed_query&f=top,oneindiatelugu,/oneindiatelugu,"Oct 7, 2016",2016-10-07T10:22:31.000Z,ఎస్‌బీఐ ఇంట‌ర్నెట్ బ్యాంకింగ్ పాస్‌వ‌ర్డ్ మ‌రిచిపోయారా?     #internetbanking    #onlinebanking   #నెట్బ్యాంకింగ్‌   #netbanking,1,,,Net Banking
